100,Alex Martinez,2013-11-22,9042
101,David Smith,2015-07-08,20307
102,David Jones,2013-10-03,20847
103,Jane Martinez,2011-05-01,21338
104,John Johnson,2016-05-26,15138
105,Michael Jones,2019-04-12,21770
106,Jessica Brown,2015-07-06,17734
107,Alex Smith,2012-08-02,17785
108,Mary Johnson,2017-04-08,24937
109,Mary Williams,2018-02-25,12631
110,Sarah Smith,2010-03-29,20925
111,Daniel Garcia,2017-12-06,10964
112,Mary Jones,2019-09-21,23861
113,Mary Brown,2018-10-02,17430
114,Jessica Davis,2015-05-23,24288
115,Jane Rodriguez,2019-07-16,23322
116,Alex Smith,2013-01-15,14486
117,Chris Jones,2015-07-14,19429
118,Daniel Garcia,2016-06-22,12652
119,Sarah Smith,2015-02-18,21417
120,Jessica Miller,2010-08-07,16101
121,Jessica Davis,2017-03-06,12591
122,Jessica Smith,2017-03-23,15667
123,Mary Martinez,2017-02-08,22978
124,Jane Smith,2015-08-05,20968
125,Daniel Smith,2016-11-01,22434
126,Jane Williams,2015-11-10,13570
127,Chris Smith,2013-02-25,24493
128,John Davis,2017-07-24,21046
129,Michael Davis,2010-12-26,8968
130,Michael Williams,2018-04-21,8516
131,Alex Williams,2018-11-20,23790
132,Daniel Davis,2018-08-21,21985
133,Chris Jones,2010-10-19,12767
134,Jane Garcia,2019-10-01,24507
135,Chris Smith,2015-07-20,11904
136,John Williams,2012-02-25,17328
137,David Rodriguez,2015-06-19,12519
138,Sarah Miller,2015-07-22,8000
139,Sarah Miller,2012-03-18,9570
140,Daniel Williams,2017-11-12,19112
141,Jane Davis,2015-09-24,12878
142,Alex Rodriguez,2018-03-04,19190
143,Jane Miller,2015-12-03,12432
144,Sarah Garcia,2011-07-15,11159
145,Jane Garcia,2018-03-06,24858
146,John Martinez,2018-12-08,11461
147,Michael Rodriguez,2017-10-22,11447
148,John Davis,2018-06-09,14304
149,David Williams,2015-11-01,9265
150,Sarah Rodriguez,2019-07-24,17136
151,John Smith,2015-05-14,20049
152,Jessica Smith,2019-11-15,24932
153,Jane Johnson,2019-06-07,19192
154,Daniel Davis,2014-05-12,11377
155,David Davis,2014-09-01,7206
156,Sarah Miller,2013-01-08,8853
157,Michael Williams,2017-10-13,8932
158,John Garcia,2013-04-10,21914
159,Michael Rodriguez,2018-07-02,17765
160,Sarah Smith,2013-08-12,23600
161,Sarah Brown,2017-04-09,10441
162,Jessica Williams,2014-09-02,22304
163,Alex Rodriguez,2019-04-26,11767
164,Michael Brown,2016-11-28,18444
165,Michael Garcia,2018-06-05,19718
166,Jane Davis,2010-04-11,7301
167,Chris Johnson,2012-08-12,7119
168,Alex Davis,2013-11-29,22999
169,David Martinez,2018-11-03,22078
170,John Johnson,2012-01-31,19481
171,Chris Williams,2012-04-27,9861
172,Jane Williams,2010-09-28,14742
173,Sarah Williams,2015-02-23,9763
174,Jessica Rodriguez,2016-12-17,14674
175,Sarah Garcia,2015-02-09,20229
176,Daniel Williams,2017-02-10,20953
177,Jane Miller,2017-10-04,14289
178,Mary Brown,2011-08-04,16929
179,Daniel Johnson,2018-10-26,17215
180,David Davis,2018-01-07,15573
181,Sarah Brown,2010-10-25,10993
182,Alex Brown,2013-05-31,20059
183,Sarah Jones,2017-07-22,10298
184,Sarah Williams,2011-03-23,16426
185,Mary Jones,2019-10-01,14058
186,Daniel Garcia,2014-05-11,16111
187,David Smith,2011-10-03,22603
188,Mary Jones,2015-09-22,22207
189,Sarah Rodriguez,2012-03-01,10193
190,Jane Jones,2014-05-23,10943
191,Alex Jones,2017-08-24,7059
192,Alex Martinez,2014-05-08,19620
193,Daniel Miller,2012-12-03,16753
194,Mary Martinez,2012-09-23,13337
195,John Johnson,2017-10-28,19219
196,Alex Rodriguez,2017-07-14,11999
197,Mary Davis,2018-09-07,8216
198,Daniel Garcia,2017-10-30,17983
199,John Rodriguez,2015-03-12,7163
200,Alex Johnson,2013-09-18,21579
201,Sarah Garcia,2013-06-13,18256
202,David Rodriguez,2015-09-25,23397
203,David Martinez,2012-11-10,8125
204,Daniel Brown,2013-09-29,19229
205,Sarah Martinez,2015-12-02,7582
206,David Johnson,2016-10-24,20088
207,Daniel Williams,2016-07-14,19930
208,David Garcia,2013-06-25,8458
209,Sarah Miller,2011-07-26,21335
210,Jessica Jones,2017-04-08,24144
211,Chris Smith,2016-07-18,22949
212,David Brown,2016-10-29,23455
213,Jessica Martinez,2018-04-06,17500
214,Jane Johnson,2010-10-30,24202
215,Jane Jones,2010-02-18,19218
216,John Smith,2019-02-23,12073
217,Daniel Miller,2011-07-13,20482
218,John Rodriguez,2018-12-14,11937
219,Alex Jones,2011-11-02,12572
220,Sarah Johnson,2018-10-19,20744
221,Jessica Miller,2014-01-28,8523
222,Michael Garcia,2019-10-01,13187
223,Jane Rodriguez,2010-01-01,12025
224,Jessica Jones,2013-04-26,19390
225,Daniel Miller,2013-09-30,19813
226,Daniel Johnson,2017-08-27,17538
227,Alex Williams,2015-10-31,19776
228,Jessica Williams,2010-10-15,12449
229,John Jones,2010-05-28,21791
230,Jessica Miller,2010-10-24,17405
231,Sarah Smith,2017-08-08,22642
232,David Garcia,2012-08-05,19704
233,Jessica Garcia,2016-11-16,19846
234,David Jones,2015-10-18,16124
235,Sarah Williams,2015-08-18,20512
236,Alex Williams,2011-05-27,20654
237,Daniel Johnson,2017-10-23,13544
238,Jane Johnson,2016-02-17,21517
239,Chris Johnson,2015-09-01,8508
240,Jessica Johnson,2012-11-03,11472
241,Jessica Johnson,2013-01-12,21085
242,Daniel Brown,2015-02-20,7098
243,Chris Smith,2012-08-12,8879
244,John Martinez,2019-03-31,12729
245,Sarah Johnson,2010-01-29,23980
246,Jane Brown,2014-10-20,11487
247,Sarah Garcia,2018-11-23,11079
248,Jane Garcia,2010-06-18,8052
249,Michael Brown,2019-10-28,16084
250,John Smith,2012-10-03,13608
251,Michael Smith,2015-08-06,20174
252,Michael Miller,2016-02-07,22710
253,Mary Williams,2012-01-15,17182
254,Jane Garcia,2012-10-13,23382
255,Jessica Jones,2012-01-08,14609
256,Jane Davis,2016-11-12,13308
257,Alex Miller,2010-09-22,24978
258,John Garcia,2015-06-08,23874
259,Daniel Johnson,2016-06-09,18859
260,Sarah Smith,2018-12-13,11981
261,Mary Garcia,2010-07-18,21285
262,Alex Johnson,2015-01-12,19283
263,Jane Martinez,2015-01-22,21592
264,Michael Johnson,2017-08-14,23700
265,Jane Rodriguez,2010-04-18,16108
266,Sarah Brown,2018-02-13,15443
267,Alex Garcia,2012-02-10,9801
268,Mary Smith,2017-10-23,7213
269,Michael Johnson,2011-01-25,21050
270,Daniel Johnson,2013-09-26,19591
271,John Johnson,2012-06-14,22716
272,Sarah Jones,2017-11-26,8031
273,Mary Johnson,2014-01-31,23027
274,Mary Miller,2010-11-27,16289
275,Alex Williams,2012-09-19,22056
276,David Jones,2018-05-21,7416
277,Mary Miller,2012-06-27,16293
278,Jessica Smith,2012-08-31,22084
279,David Jones,2017-08-28,7696
280,Michael Martinez,2016-06-22,21749
281,Mary Smith,2016-07-09,7146
282,John Rodriguez,2012-01-11,20514
283,Daniel Rodriguez,2015-10-13,8955
284,John Davis,2011-09-19,13406
285,Alex Rodriguez,2018-07-24,18590
286,Sarah Smith,2018-10-21,17570
287,Alex Miller,2010-10-05,12034
288,Daniel Brown,2017-06-07,16487
289,David Johnson,2011-11-13,13430
290,Michael Rodriguez,2018-01-16,11863
291,John Martinez,2014-07-12,21216
292,Sarah Garcia,2016-11-06,18075
293,Michael Jones,2013-04-07,17748
294,David Johnson,2015-02-11,24039
295,Jane Garcia,2011-04-22,23885
296,David Garcia,2015-05-11,20516
297,Alex Williams,2017-02-16,13645
298,Jessica Williams,2018-12-10,23175
299,Alex Jones,2012-04-24,13072
300,Sarah Davis,2014-03-26,18405
301,Jane Garcia,2013-05-06,18074
302,Alex Johnson,2012-04-24,10782
303,Michael Martinez,2019-10-29,7292
304,Alex Martinez,2016-05-07,10018
305,Alex Smith,2012-09-02,11522
306,David Garcia,2019-08-22,19446
307,Chris Jones,2013-01-02,22946
308,Alex Garcia,2011-10-31,22527
309,Jessica Martinez,2016-12-18,14338
310,Michael Garcia,2014-01-17,23939
311,Sarah Rodriguez,2011-01-21,16842
312,Mary Smith,2015-12-07,18167
313,Daniel Garcia,2018-11-12,10971
314,Daniel Smith,2012-02-18,17244
315,John Brown,2016-02-24,16897
316,Mary Garcia,2012-03-22,18153
317,Mary Davis,2019-03-24,10093
318,Daniel Johnson,2014-08-31,16995
319,Alex Williams,2011-09-10,24215
320,Mary Brown,2011-09-19,18711
321,Alex Garcia,2018-11-16,17669
322,David Johnson,2018-02-09,19598
323,Michael Rodriguez,2015-09-02,11308
324,Daniel Garcia,2013-02-06,14660
325,Daniel Miller,2018-05-26,8070
326,John Garcia,2016-03-27,24538
327,Alex Miller,2010-07-01,17469
328,Alex Jones,2018-07-02,9068
329,John Johnson,2010-11-10,10520
330,Jessica Brown,2016-03-09,8036
331,Michael Davis,2018-03-13,19500
332,Chris Miller,2016-10-21,13270
333,Sarah Martinez,2015-03-20,7235
334,Mary Garcia,2015-06-26,9385
335,Alex Davis,2011-05-30,18893
336,Jessica Brown,2018-10-02,19225
337,Daniel Johnson,2018-04-14,10309
338,Alex Brown,2013-12-14,9929
339,David Davis,2013-02-05,10187
340,Sarah Garcia,2012-04-01,10453
341,Alex Martinez,2017-09-10,8054
342,Chris Brown,2011-07-22,18353
343,Jane Jones,2012-02-10,20706
344,Jane Davis,2018-08-22,24880
345,Jane Brown,2019-04-28,7578
346,David Smith,2010-11-20,7635
347,Sarah Johnson,2015-07-27,16560
348,Sarah Martinez,2012-01-13,24697
349,Mary Johnson,2016-06-13,9211
350,Michael Miller,2019-04-08,17172
351,Alex Jones,2010-10-25,7639
352,Mary Martinez,2011-04-12,24908
353,Alex Jones,2016-11-08,19440
354,Sarah Miller,2019-03-25,13097
355,Michael Martinez,2013-09-03,23614
356,David Rodriguez,2014-09-20,13253
357,Alex Martinez,2019-11-07,16529
358,Mary Rodriguez,2011-05-25,8259
359,Jessica Smith,2013-05-16,23453
360,Mary Garcia,2013-07-30,16489
361,Sarah Martinez,2016-03-12,15331
362,Michael Jones,2010-01-28,20130
363,Sarah Garcia,2013-01-24,15399
364,Michael Brown,2015-05-16,19008
365,Jessica Rodriguez,2011-09-21,21051
366,Sarah Jones,2016-12-15,22766
367,Mary Martinez,2015-10-12,7661
368,Sarah Jones,2013-10-22,24314
369,David Miller,2018-08-11,14102
370,Daniel Brown,2018-03-18,17433
371,Jessica Martinez,2012-04-29,17407
372,Chris Davis,2013-06-10,9828
373,Alex Rodriguez,2010-01-02,11051
374,Jessica Johnson,2018-03-27,18620
375,John Williams,2012-02-17,22045
376,Chris Johnson,2014-03-21,15815
377,Chris Davis,2019-01-01,14945
378,Jessica Martinez,2013-05-20,14679
379,Mary Smith,2017-10-10,13052
380,Daniel Jones,2015-10-27,14881
381,David Smith,2011-03-13,7843
382,Jane Garcia,2017-10-15,19107
383,Daniel Brown,2010-06-12,23377
384,Sarah Rodriguez,2015-12-02,20260
385,Chris Rodriguez,2019-04-12,19655
386,Mary Jones,2013-06-23,15042
387,Mary Martinez,2015-04-03,10348
388,Jessica Rodriguez,2010-03-03,12210
389,Michael Smith,2017-10-25,18968
390,Daniel Rodriguez,2011-03-10,12140
391,Daniel Davis,2019-03-29,8027
392,Chris Smith,2017-10-06,22555
393,David Garcia,2017-01-03,8536
394,Daniel Martinez,2010-11-15,8046
395,Sarah Smith,2018-09-11,17559
396,Michael Smith,2015-03-07,21412
397,Mary Miller,2018-09-18,24246
398,David Williams,2013-10-26,10864
399,Sarah Williams,2018-03-09,12357
400,Mary Smith,2012-07-11,15933
401,John Miller,2012-11-28,23136
402,Jessica Williams,2013-04-19,17494
403,Alex Jones,2011-11-21,9512
404,Alex Martinez,2011-12-08,8728
405,Mary Garcia,2010-06-18,14389
406,Sarah Davis,2019-09-04,18995
407,Chris Miller,2011-10-21,10059
408,John Martinez,2012-02-24,13978
409,Jessica Brown,2011-06-06,23268
410,Jane Davis,2014-12-28,24427
411,Jessica Davis,2011-01-04,17172
412,Jessica Garcia,2015-06-14,14376
413,Jane Smith,2011-02-11,11825
414,Chris Miller,2013-03-21,15139
415,Sarah Rodriguez,2011-11-14,20054
416,Jessica Rodriguez,2018-01-30,20069
417,Sarah Davis,2017-03-05,7805
418,Jessica Jones,2015-06-08,17364
419,Daniel Miller,2019-10-29,20980
420,Alex Martinez,2017-05-05,21581
421,Michael Williams,2010-12-04,8912
422,Chris Rodriguez,2016-12-10,22664
423,Michael Williams,2014-05-16,13570
424,Sarah Johnson,2013-11-29,17933
425,Sarah Martinez,2018-08-12,18461
426,John Miller,2017-08-28,11168
427,Mary Johnson,2017-10-03,23158
428,John Davis,2013-03-15,17341
429,David Rodriguez,2017-11-23,18188
430,David Miller,2013-10-30,14597
431,Jane Rodriguez,2011-03-28,7798
432,Chris Jones,2015-03-11,13592
433,Chris Johnson,2015-09-23,24982
434,Jessica Brown,2010-12-15,8975
435,Jane Garcia,2012-07-07,7400
436,Mary Davis,2018-09-14,12723
437,Alex Martinez,2016-04-20,8615
438,Jane Williams,2017-10-10,12285
439,Alex Williams,2013-05-03,9994
440,Jessica Johnson,2019-04-20,12849
441,Michael Garcia,2012-10-04,15780
442,Sarah Brown,2014-05-23,24739
443,David Smith,2014-07-16,19058
444,Chris Miller,2011-05-11,20715
445,Alex Williams,2010-05-04,22180
446,John Rodriguez,2019-02-23,18334
447,David Miller,2012-06-17,19201
448,John Martinez,2017-06-15,14470
449,Daniel Davis,2011-10-31,18113
450,Daniel Garcia,2016-05-09,18118
451,Mary Davis,2012-02-28,16993
452,Chris Smith,2013-06-22,20702
453,Michael Brown,2011-09-15,23508
454,Alex Davis,2018-06-29,23408
455,Mary Jones,2013-06-10,22392
456,Daniel Johnson,2013-04-09,7745
457,Mary Williams,2014-06-06,9492
458,Michael Rodriguez,2015-01-13,11583
459,Jessica Brown,2012-07-30,17799
460,Jane Miller,2015-02-05,24210
461,Sarah Williams,2017-01-23,16850
462,Alex Williams,2015-01-08,8749
463,Sarah Martinez,2015-02-06,19663
464,John Jones,2010-01-31,19556
465,Chris Martinez,2011-11-10,7302
466,Alex Brown,2014-06-09,8280
467,Sarah Johnson,2016-02-14,22940
468,Alex Smith,2013-05-03,15010
469,Chris Rodriguez,2010-12-11,23386
470,Michael Garcia,2013-04-02,23137
471,Mary Davis,2014-05-20,12735
472,Sarah Williams,2013-10-18,21975
473,John Garcia,2012-04-07,17237
474,John Garcia,2010-08-31,12630
475,Sarah Williams,2012-03-28,20388
476,Chris Davis,2019-03-05,17051
477,Jane Williams,2014-09-11,24188
478,Jane Davis,2016-10-11,11057
479,Daniel Johnson,2014-01-19,24479
480,Sarah Brown,2016-01-09,15168
481,Mary Smith,2010-08-03,24849
482,Daniel Rodriguez,2016-06-20,11828
483,David Smith,2011-10-08,14416
484,Chris Davis,2012-01-08,11085
485,Sarah Martinez,2012-09-20,9974
486,Jessica Jones,2011-08-20,21994
487,Sarah Rodriguez,2015-08-22,8411
488,Sarah Martinez,2014-12-14,23924
489,John Jones,2019-05-25,9916
490,Michael Brown,2012-03-22,22802
491,Sarah Garcia,2012-05-28,23869
492,Jessica Jones,2012-02-07,21584
493,Alex Brown,2018-09-05,22876
494,Jessica Rodriguez,2010-10-06,20907
495,Sarah Smith,2016-12-22,16440
496,Mary Jones,2017-05-19,11479
497,David Miller,2012-12-26,7137
498,Daniel Rodriguez,2012-01-10,20597
499,Sarah Johnson,2019-06-26,15583
